,ID,Model,Input,Output,Vocab (TN),Syntax (MSA),Semantic,Total
40,1,GRPO Final,How do you say 'north-east' in Tunisian?,ترجم للعبسي التونسي كيفاش تقول 'شمال الشرقي' بالتونسي؟,1.6,0.47,0.74,2.81
0,1,Initial SFT,How do you say 'north-east' in Tunisian?,ترجم لهنا الى اللغة العربيه التونسي كيفاش تقول 'شمال شرقي' بالتونسي؟,2.0,0.0,0.64,2.64
20,1,DPO Dialect,How do you say 'north-east' in Tunisian?,ترجم ل العربي التونسي 'شمال الشرقي' كيفاش بالتونسي؟,1.2,0.61,0.58,2.39
41,2,GRPO Final,Can you give me the 'to weaken'?,ترجم لهنا لغارا تونسي: تنجم تعطيني 'ضعف'؟,1.0,0.72,0.57,2.29
21,2,DPO Dialect,Can you give me the 'to weaken'?,ترجم هذا لغته العربيه التونسيه: تنجم تعطيني 'ضعف'؟,1.0,0.22,0.5,1.72
1,2,Initial SFT,Can you give me the 'to weaken'?,ترجم لهنا لغنا العربيون التونسي هل يمكن تعطيني 'ضعف'؟,0.5,0.06,0.45,1.01
42,3,GRPO Final,What is the word for 'a show' ?,ترجم لعربيه تونسيه شنوة كلمة 'رياضيه'؟,1.33,0.72,0.49,2.54
22,3,DPO Dialect,What is the word for 'a show' ?,ترجم لهنا لغارا تونسي: شنوة كلمة 'مظهره'؟,1.33,0.54,0.46,2.34
2,3,Initial SFT,What is the word for 'a show' ?,ترجم لهنا بالعربيه التونسيه شنوة كلمة 'شان'؟,1.33,0.36,0.47,2.17
3,4,Initial SFT,"What does 'verb, action ' mean?",ترجم ب اليابي تونسي: شنوة معناها 'فعل'؟,2.0,0.34,0.63,2.97
43,4,GRPO Final,"What does 'verb, action ' mean?",ترجم لهنا لغارا تونسي: شنوة معناها 'فعل'؟,2.0,0.2,0.61,2.81
23,4,DPO Dialect,"What does 'verb, action ' mean?",ترجم هذا لغت اللغة العربيه ال تونسيه ماذا معناها 'فعل'؟,1.33,0.0,0.41,1.74
44,5,GRPO Final,The purpose of stealing someone else's place is to steal the place of another.,ترجم لعربي تونسي: الهدف من سرق مكان شويش هو سرق موضع شويش.,0.0,1.02,0.12,1.14
4,5,Initial SFT,The purpose of stealing someone else's place is to steal the place of another.,ترجم دهذي الى اللغة تونسي العربيه: الغرض من سرقه مكان لوحدك هو سرق مقعد اخر.,0.0,0.41,0.14,0.55
24,5,DPO Dialect,The purpose of stealing someone else's place is to steal the place of another.,ترجم هذا لغرابه تونسي: الغرض متاع سرقة مكان ما هو سرقة المكان الي فيها ماشي مل لاخر.,0.0,0.14,0.11,0.24
5,6,Initial SFT,Where is the 'scotch tape'?,ترجم ملنا لغرامي تونسي وين 'سكوتش'؟,2.0,0.72,0.51,3.23
25,6,DPO Dialect,Where is the 'scotch tape'?,ترجم لهنا بالعربي تونسي: وين 'سكوتش'؟,2.0,0.59,0.49,3.08
45,6,GRPO Final,Where is the 'scotch tape'?,ترجم لهنا بالعربيه التونسيه وين 'سكات'؟,1.0,0.46,0.39,1.85
46,7,GRPO Final,'ray',ترجم لعبسي تونسي 'شعاع',0.0,0.0,0.34,0.34
6,7,Initial SFT,'ray',ترجم هادا بالعربي التونسي 'رمز',0.0,0.0,0.27,0.27
26,7,DPO Dialect,'ray',ترجم مل هذا الي العربي تونسي: 'سطيح',0.0,0.0,0.24,0.24
7,8,Initial SFT,None,ترجم لهنا لغاه اليابانيه,0.0,0.0,0.0,0.0
27,8,DPO Dialect,None,ترجم لتونسي العربيه,0.0,0.0,0.0,0.0
47,8,GRPO Final,None,ترجم هذا للعربي التونسي,0.0,0.0,0.0,0.0
48,9,GRPO Final,"In Derja , write 'turmeric' .",ترجم ل العربيه التونسي 'قرع' بالدارجة.,0.67,0.89,0.54,2.1
28,9,DPO Dialect,"In Derja , write 'turmeric' .",ترجم لهنا بالعربيه التونسي: بالدارجة اكتب 'ركسب',0.67,0.33,0.35,1.35
8,9,Initial SFT,"In Derja , write 'turmeric' .",ترجم إلي العربي التونسي: برجه دارجة اكتب 'خركم'.,0.67,0.33,0.32,1.32
9,10,Initial SFT,Write in Derja 's name ' ; cane ' ;,ترجم لترنيجي تونسي,0.0,1.0,0.16,1.16
49,10,GRPO Final,Write in Derja 's name ' ; cane ' ;,ترجم هذا لغة عربيه تونسيه اكتب بسم درجة ' ؛ قصبه ' ؛,0.67,0.11,0.31,1.08
29,10,DPO Dialect,Write in Derja 's name ' ; cane ' ;,ترجم لهذا الى اللغة العربيه التونسي ' لخرجا' ؛ قصب ',0.0,0.11,0.22,0.33
50,11,GRPO Final,To take a risk:,ترجم لهنا لغارا تونسي,0.0,0.9,0.16,1.06
10,11,Initial SFT,To take a risk:,ترجم لهنا بالعربيه التونسي,0.0,0.4,0.13,0.53
30,11,DPO Dialect,To take a risk:,ترجم هي الى العربيه التونسية,0.0,0.2,0.12,0.32
51,12,GRPO Final,Seek hide and seek,ترجم هكا للون تونسي,0.0,1.22,0.17,1.39
11,12,Initial SFT,Seek hide and seek,ترجم للفريسي التونسي,0.0,1.12,0.16,1.28
31,12,DPO Dialect,Seek hide and seek,ترجم هذا الي العربيه التونسي,0.0,0.38,0.12,0.5
12,13,Initial SFT,"Can you give me the 'calmness, quiet'?",ترجم لعربي تونسي: تنجم تعطيني 'هدوء'؟,2.0,1.27,0.68,3.94
52,13,GRPO Final,"Can you give me the 'calmness, quiet'?",ترجم لعربي تونسي: تنجم تعطيني 'هدوء'؟,2.0,1.27,0.68,3.94
32,13,DPO Dialect,"Can you give me the 'calmness, quiet'?",ترجم للي عربي التونسي,0.0,0.98,0.35,1.33
13,14,Initial SFT,Translate 'renew' please.,ترجم هذا لغتو تونسي العربي: ترجم 'جدد' بربي.,2.0,0.0,0.53,2.53
53,14,GRPO Final,Translate 'renew' please.,ترجم ل العربي التونسي 'تجديد' بربي.,1.33,0.5,0.63,2.46
33,14,DPO Dialect,Translate 'renew' please.,ترجم لهنا بالعربي التونسي: ترجم 'تجديده' بربي.,1.33,0.0,0.52,1.85
54,15,GRPO Final,Translate 'census' please .,ترجم لعربي تونسي 'حسابي' بربي.,1.33,1.2,0.62,3.16
14,15,Initial SFT,Translate 'census' please .,ترجم لهنا ل العربيه التونسيه 'حصاء' بربي.,1.33,0.54,0.58,2.45
34,15,DPO Dialect,Translate 'census' please .,ترجم هذا للغا العربي التونسي 'احصاء' بربي .,1.33,0.42,0.59,2.34
55,16,GRPO Final,Where is the 'idol worship'?,ترجم ل العربي التونسي: وين 'عباده الصنفار'؟,1.33,0.0,0.57,1.9
35,16,DPO Dialect,Where is the 'idol worship'?,ترجم بهذا لغتي الاريبي تونسي فين 'عباده الصينات'؟,0.67,0.0,0.52,1.19
15,16,Initial SFT,Where is the 'idol worship'?,ترجم لهنا بالعربيه التونسيه,0.0,0.75,0.34,1.09
16,17,Initial SFT,What does the 'accounting department' mean?,ترجم لهنا العربيه التونسييه: شنوة معناها 'ديپارتا متاع المحاسبه'؟,1.0,0.0,0.55,1.55
56,17,GRPO Final,What does the 'accounting department' mean?,ترجم لهنا لغات عربيه تونسيه شنوة معناها 'منطقة المحاسبه'؟,1.0,0.0,0.53,1.53
36,17,DPO Dialect,What does the 'accounting department' mean?,ترجم لهنا الي العربيه التونسي' شنوة معناها 'ديپارتا نت الحساب'؟,1.0,0.0,0.52,1.52
17,18,Initial SFT,None,ترجم الى اريبيه تونسيه,0.0,0.0,0.0,0.0
37,18,DPO Dialect,None,ترجم هكا لغات تونسي,0.0,0.0,0.0,0.0
57,18,GRPO Final,None,ترجم ليه بالعربيه التونسي:,0.0,0.0,0.0,0.0
58,19,GRPO Final,"Do you have 'view, panorama'?",ترجم ل عربيه تونسيه 'منظر'؟,1.0,1.38,0.51,2.89
38,19,DPO Dialect,"Do you have 'view, panorama'?",ترجم لهنا بالعربيه التونسيه: عندك 'رؤيه'؟,1.0,0.54,0.34,1.88
18,19,Initial SFT,"Do you have 'view, panorama'?",ترجم هذا الى العربيه التونسيه: عندك 'وانوما'؟,1.0,0.3,0.32,1.62
59,20,GRPO Final,"What does 'excellent, superb' mean?",ترجم لهنا بالعربي التونسي: شنوة معناها 'موهبه'؟,1.33,0.73,0.48,2.54
19,20,Initial SFT,"What does 'excellent, superb' mean?",ترجم لهنا بالعربي التونسي ما معناها 'مرون'؟,0.67,0.92,0.44,2.03
39,20,DPO Dialect,"What does 'excellent, superb' mean?",ترجم للي العربي تونسي,0.0,1.02,0.1,1.11
